"Alice","Nora","Karim","Fred","Alice","Harry","Sabrina","Joachim","Tamia","Bob","Iman","Erin","Ursule","Quentin","Remi"
"Bob","Nora","Gaelle","Xavier","Ursule","Monique","Remi","Zach"
"Charlie","Laura","Patrick","Karim","Alice","Harry","Sabrina","Joachim","Erin","Xavier","Ursule","Quentin","Yann"
"Dorian","Nora","Gaelle","Laura","Patrick","Karim","Fred","Ourdia","Harry","Sabrina","Joachim","Charlie","Tamia","Dorian","Bob","Iman","Xavier","Ursule","Monique","Zach","Valentin"
"Erin","Laura","Patrick","Alice","Ourdia","Sabrina","Charlie","Iman","Erin","Ursule","Monique","Yann"
"Fred","Gaelle","Karim","Fred","Alice","Dorian","Bob","Xavier","Monique","Zach"
"Gaelle","Nora","Laura","Patrick","Karim","Harry","Joachim","Dorian","Erin","Monique","Remi"
"Harry","Nora","Gaelle","Laura","Patrick","Fred","Ourdia","Harry","Joachim","Tamia","Bob","Iman","Erin","Xavier","Ursule","Monique","Yann","Valentin"
"Iman","Laura","Ourdia","Sabrina","Bob","Monique","Zach","Yann","Valentin"
"Joachim","Laura","Karim","Ourdia","Harry","Joachim","Charlie","Tamia","Dorian","Ursule","Quentin","Monique","Remi","Yann","Valentin"
"Karim","Nora","Gaelle","Laura","Patrick","Fred","Ourdia","Tamia","Dorian","Bob","Valentin"
"Laura","Laura","Fred","Alice","Harry","Charlie","Tamia","Dorian","Erin","Xavier","Ursule","Quentin","Remi","Zach","Yann"
"Monique","Nora","Laura","Karim","Fred","Alice","Harry","Sabrina","Bob","Iman","Erin","Ursule","Quentin","Zach","Valentin"
"Nora","Nora","Gaelle","Fred","Ourdia","Dorian","Bob","Iman","Erin","Xavier","Quentin","Zach","Valentin"
"Ourdia","Nora","Laura","Karim","Fred","Ourdia","Harry","Sabrina","Joachim","Charlie","Tamia","Bob","Iman","Erin","Xavier","Quentin","Yann","Valentin"
"Patrick","Nora","Gaelle","Laura","Patrick","Karim","Alice","Tamia","Dorian","Iman","Quentin","Monique","Remi","Zach","Yann","Valentin"
"Quentin","Patrick","Fred","Alice","Joachim","Iman","Quentin","Monique","Remi","Yann"
"Remi","Nora","Patrick","Sabrina","Xavier","Quentin","Remi"
"Sabrina","Gaelle","Laura","Patrick","Alice","Charlie","Dorian","Bob","Iman","Erin","Remi","Yann"
"Tamia","Laura","Alice","Ourdia","Tamia","Bob","Iman","Ursule","Quentin"
"Ursule","Gaelle","Laura","Karim","Fred","Alice","Harry","Sabrina","Joachim","Charlie","Iman","Erin","Xavier","Quentin","Remi"
"Valentin","Nora","Patrick","Karim","Fred","Alice","Ourdia","Sabrina","Charlie","Bob","Iman","Remi","Zach","Yann","Valentin"
"Xavier","Laura","Alice","Harry","Tamia","Bob","Iman","Xavier","Yann"
"Yann","Laura","Patrick","Fred","Alice","Harry","Sabrina","Dorian","Bob","Iman","Xavier","Quentin","Monique","Zach"
"Zach","Nora","Fred","Ourdia","Sabrina","Dorian","Iman","Ursule","Valentin"
